paper_name,simplerenv_widowx_bridge_success_rate,simplerenv_widowx_bridge_prev_sota_success_rate,delta_simplerenv_widowx_bridge_success_rate,P_A,Delta_necessary,Delta_sufficient,delta_bin
3D-Mix for VLA: A Plug-and-Play Module for Integrating VGGT-based 3D Information into Vision-Language-Action Models,68.23,64.58,0.03650000000000009,0.6458333333333334,0.03125,0.13541666666666666,possibly_significant
AC^2-VLA: Action-Context-Aware Adaptive Computation in Vision-Language-Action Models for Efficient Robotic Manipulation,54.5,51.3,0.03200000000000003,0.5104166666666666,0.03125,0.15625,possibly_significant
ActionCodec: What Makes for Good Action Tokenizers,65.2,67.9,-0.027000000000000024,0.6770833333333334,0.03125,0.125,negative
AnchorVLA4D: an Anchor-Based Spatial-Temporal Vision-Language-Action Model for Robotic Manipulation,64.6,71.9,-0.07300000000000018,0.71875,0.03125,0.11458333333333333,negative
AR-VLA: True Autoregressive Action Expert for Vision-Language-Action Models,61.5,52.1,0.09399999999999997,0.5208333333333334,0.03125,0.15625,possibly_significant
Beyond Dense Futures: World Models as Structured Planners for Robotic Manipulation,75.0,69.8,0.052000000000000046,0.6979166666666666,0.03125,0.125,possibly_significant
Chain of World: World Model Thinking in Latent Motion,76.0,74.0,0.020000000000000018,0.7395833333333334,0.03125,0.11458333333333333,not_significant
ConLA: Contrastive Latent Action Learning from Human Videos for Robotic Manipulation,64.6,63.5,0.010999999999999899,0.6354166666666666,0.03125,0.13541666666666666,not_significant
CORAL: Scalable Multi-Task Robot Learning via LoRA Experts,97.9,95.8,0.02100000000000013,0.9583333333333334,0.03125,0.041666666666666664,not_significant
DAM-VLA: A Dynamic Action Model-Based Vision-Language-Action Framework for Robot Manipulation,71.0,57.0,0.14,0.5729166666666666,0.03125,0.14583333333333334,possibly_significant
DTP: A Simple yet Effective Distracting Token Pruning Framework for Vision-Language Action Models,74.0,68.7,0.052999999999999936,0.6875,0.03125,0.125,possibly_significant
EmbodiedMidtrain: Bridging the Gap between Vision-Language Models and Vision-Language-Action Models via Mid-training,56.3,60.4,-0.041000000000000036,0.6041666666666666,0.03125,0.14583333333333334,negative
Fast-dVLA: Accelerating Discrete Diffusion VLA to Real-Time Performance,59.3,55.2,0.040999999999999925,0.5520833333333334,0.03125,0.15625,possibly_significant
FPC-VLA: A vision-language-action framework with a supervisor for failure prediction and correction,64.6,51.8,0.1279999999999999,0.5208333333333334,0.03125,0.15625,possibly_significant
From Noise to Intent: Anchoring Generative VLA Policies with Residual Bridges,57.9,71.7,-0.13800000000000012,0.71875,0.03125,0.11458333333333333,negative
FutureVLA: Joint Visuomotor Prediction for Vision-Language-Action Model,71.9,61.9,0.10000000000000009,0.6145833333333334,0.03125,0.13541666666666666,possibly_significant
LaMP: Learning Vision-Language-Action Policies with 3D Scene Flow as Latent Motion Prior,79.2,74.0,0.052000000000000046,0.7395833333333334,0.03125,0.11458333333333333,possibly_significant
LangForce: Bayesian Decomposition of Vision Language Action Models via Latent Action Queries,66.5,57.1,0.09399999999999997,0.5729166666666666,0.03125,0.14583333333333334,possibly_significant
Latent Reasoning VLA: Latent Thinking and Prediction for Vision-Language-Action Models,68.8,62.5,0.06299999999999994,0.625,0.03125,0.13541666666666666,possibly_significant
Learning Human-Intention Priors from Large-Scale Human Demonstrations for Robotic Manipulation,66.1,43.8,0.22299999999999998,0.4375,0.03125,0.16666666666666666,certainly_significant
MVP-LAM: Learning Action-Centric Latent Action via Cross-Viewpoint Reconstruction,60.4,57.3,0.031000000000000028,0.5729166666666666,0.03125,0.14583333333333334,not_significant
"OmniStream: Mastering Perception, Reconstruction and Action in Continuous Streams",45.8,60.4,-0.14600000000000002,0.6041666666666666,0.03125,0.14583333333333334,negative
Reshaping Action Error Distributions for Reliable Vision-Language-Action Models,61.5,53.1,0.08399999999999996,0.53125,0.03125,0.15625,possibly_significant
RoboStream: Weaving Spatio-Temporal Reasoning with Memory in Vision-Language Models for Robotics,74.8,58.3,0.16500000000000004,0.5833333333333334,0.03125,0.14583333333333334,certainly_significant
RoboVIP: Multi-View Video Generation with Visual Identity Prompting Augments Robot Manipulation,29.0,18.5,0.10499999999999998,0.1875,0.03125,0.125,possibly_significant
SCALE: Self-uncertainty Conditioned Adaptive Looking and Execution for Vision-Language-Action Models,49.0,41.7,0.07299999999999995,0.4166666666666667,0.03125,0.17708333333333334,possibly_significant
SimVLA: A Simple VLA Baseline for Robotic Manipulation,95.8,95.8,0.0,0.9583333333333334,0.03125,0.041666666666666664,not_significant
StarVLA: A Lego-like Codebase for Vision-Language-Action Model Developing,70.2,67.8,0.024000000000000132,0.6770833333333334,0.03125,0.125,not_significant
StarVLA-$\alpha$: Reducing Complexity in Vision-Language-Action Systems,64.6,62.0,0.025999999999999912,0.625,0.03125,0.13541666666666666,not_significant
Thinking in Text and Images: Interleaved Vision--Language Reasoning Traces for Long-Horizon Robot Manipulation,59.4,42.7,0.16699999999999993,0.4270833333333333,0.03125,0.17708333333333334,possibly_significant
Towards Long-Lived Robots: Continual Learning VLA Models via Reinforcement Fine-Tuning,69.0,65.5,0.03499999999999992,0.65625,0.03125,0.13541666666666666,possibly_significant
TwinBrainVLA: Unleashing the Potential of Generalist VLMs for Embodied Tasks via Asymmetric Mixture-of-Transformers,64.5,57.1,0.07399999999999995,0.5729166666666666,0.03125,0.14583333333333334,possibly_significant
VLA-JEPA: Enhancing Vision-Language-Action Model with Latent World Model,57.3,57.3,0.0,0.5729166666666666,0.03125,0.14583333333333334,not_significant
VLM4VLA: Revisiting Vision-Language-Models in Vision-Language-Action Models,60.4,60.4,0.0,0.6041666666666666,0.03125,0.14583333333333334,not_significant
VP-VLA: Visual Prompting as an Interface for Vision-Language-Action Models,58.3,57.1,0.0119999999999999,0.5729166666666666,0.03125,0.14583333333333334,not_significant
World Guidance: World Modeling in Condition Space for Action Generation,63.5,62.5,0.010000000000000009,0.625,0.03125,0.13541666666666666,not_significant
Xiaomi-Robotics-0: An Open-Sourced Vision-Language-Action Model with Real-Time Execution,79.2,72.7,0.06500000000000006,0.7291666666666666,0.03125,0.11458333333333333,possibly_significant
Anyprefer: An Agentic Framework for Preference Data Synthesis,43.5,28.5,0.15000000000000002,0.28125,0.03125,0.14583333333333334,certainly_significant
AsyncVLA: Asynchronous Flow Matching for Vision-Language-Action Models,70.8,62.5,0.08299999999999996,0.625,0.03125,0.13541666666666666,possibly_significant
BLURR: A Boosted Low-Resource Inference for Vision-Language-Action Models,71.0,70.0,0.010000000000000009,0.6979166666666666,0.03125,0.125,not_significant
Bridging Scale Discrepancies in Robotic Control via Language-Based Action Representations,35.3,26.7,0.08599999999999997,0.2708333333333333,0.03125,0.14583333333333334,possibly_significant
ContextVLA: Vision-Language-Action Model with Amortized Multi-Frame Context,70.7,59.0,0.1170000000000001,0.59375,0.03125,0.14583333333333334,possibly_significant
CronusVLA: Towards Efficient and Robust Manipulation via Multi-Frame Vision-Language-Action Modeling,60.4,61.9,-0.015000000000000013,0.6145833333333334,0.03125,0.13541666666666666,negative
DepthVLA: Enhancing Vision-Language-Action Models with Depth-Aware Spatial Reasoning,74.8,58.8,0.16000000000000003,0.5833333333333334,0.03125,0.14583333333333334,certainly_significant
Developing Vision-Language-Action Model from Egocentric Videos,27.0,23.0,0.04000000000000001,0.22916666666666666,0.03125,0.13541666666666666,possibly_significant
Dexbotic: Open-Source Vision-Language-Action Toolbox,84.4,71.9,0.125,0.71875,0.03125,0.11458333333333333,certainly_significant
Discrete Diffusion VLA: Bringing Discrete Diffusion to Action Decoding in Vision-Language-Action Policies,37.5,36.5,0.010000000000000009,0.3645833333333333,0.03125,0.16666666666666666,not_significant
Dream-VL & Dream-VLA: Open Vision-Language and Vision-Language-Action Models with Diffusion Language Model Backbone,60.4,55.5,0.04899999999999993,0.5520833333333334,0.03125,0.15625,possibly_significant
DualVLA: Building a Generalizable Embodied Agent via Partial Decoupling of Reasoning and Action,36.1,34.8,0.013000000000000012,0.34375,0.03125,0.15625,not_significant
Embodied-R1: Reinforced Embodied Reasoning for General Robotic Manipulation,56.2,53.8,0.024000000000000132,0.5416666666666666,0.03125,0.15625,not_significant
EO-1: An Open Unified Embodied Foundation Model for General Robot Control,72.7,69.2,0.03499999999999992,0.6875,0.03125,0.125,possibly_significant
Executable Analytic Concepts as the Missing Link Between VLM Insight and Precise Manipulation,86.1,58.3,0.278,0.5833333333333334,0.03125,0.14583333333333334,certainly_significant
F1: A Vision-Language-Action Model Bridging Understanding and Generation to Actions,59.4,42.7,0.16699999999999993,0.4270833333333333,0.03125,0.17708333333333334,possibly_significant
FASTer: Toward Efficient Autoregressive Vision Language Action Modeling via Neural Action Tokenization,87.9,76.5,0.11399999999999999,0.7604166666666666,0.03125,0.10416666666666667,certainly_significant
FLOWER: Democratizing Generalist Robot Policies with Efficient Vision-Language-Action Flow Policies,45.0,30.0,0.15000000000000002,0.3020833333333333,0.03125,0.15625,possibly_significant
FlowVLA: Visual Chain of Thought-based Motion Reasoning for Vision-Language-Action Models,74.0,65.6,0.08400000000000007,0.65625,0.03125,0.13541666666666666,possibly_significant
From Seeing to Doing: Bridging Reasoning and Decision for Robotic Manipulation,40.6,48.3,-0.07699999999999996,0.4791666666666667,0.03125,0.16666666666666666,negative
From Spatial to Actions: Grounding Vision-Language-Action Model in Spatial Foundation Priors,56.3,42.7,0.1359999999999999,0.4270833333333333,0.03125,0.17708333333333334,possibly_significant
Generalist Robot Manipulation beyond Action Labeled Data,68.2,56.8,0.1140000000000001,0.5729166666666666,0.03125,0.14583333333333334,possibly_significant
HAMLET: Switch your Vision-Language-Action Model into a History-Aware Policy,63.5,52.1,0.11399999999999999,0.5208333333333334,0.03125,0.15625,possibly_significant
Hierarchical Vision Language Action Model Using Success and Failure Demonstrations,40.6,38.9,0.017000000000000015,0.3854166666666667,0.03125,0.16666666666666666,not_significant
How Do VLAs Effectively Inherit from VLMs?,49.0,27.0,0.21999999999999997,0.2708333333333333,0.03125,0.14583333333333334,certainly_significant
Hume: Introducing System-2 Thinking in Visual-Language-Action Model,72.6,48.3,0.243,0.4791666666666667,0.03125,0.16666666666666666,certainly_significant
HyperVLA: Efficient Inference in Vision-Language-Action Models via Hypernetworks,40.0,36.0,0.040000000000000036,0.3645833333333333,0.03125,0.16666666666666666,possibly_significant
Interleave-VLA: Enhancing Robot Manipulation with Interleaved Image-Text Instructions,71.0,69.2,0.017999999999999905,0.6875,0.03125,0.125,not_significant
LatBot: Distilling Universal Latent Actions for Vision-Language-Action Models,87.5,71.9,0.15599999999999992,0.71875,0.03125,0.11458333333333333,certainly_significant
LLaDA-VLA: Vision Language Diffusion Action Models,55.5,51.3,0.04200000000000004,0.5104166666666666,0.03125,0.15625,possibly_significant
LoLA: Long Horizon Latent Action Learning for General Robot Manipulation,71.9,51.3,0.20600000000000007,0.5104166666666666,0.03125,0.15625,certainly_significant
Magma: A Foundation Model for Multimodal AI Agents,35.4,15.9,0.19499999999999998,0.15625,0.03125,0.11458333333333333,certainly_significant
ManiAgent: An Agentic Framework for General Robotic Manipulation,86.8,55.7,0.31099999999999994,0.5520833333333334,0.03125,0.15625,certainly_significant
MAPS: Preserving Vision-Language Representations via Module-Wise Proximity Scheduling for Better Vision-Language-Action Generalization,42.5,69.2,-0.26700000000000007,0.6875,0.03125,0.125,negative
MemoryVLA: Perceptual-Cognitive Memory in Vision-Language-Action Models for Robotic Manipulation,71.9,68.4,0.03500000000000003,0.6875,0.03125,0.125,possibly_significant
mimic-video: Video-Action Models for Generalizable Robot Control Beyond VLAs,56.3,45.0,0.11299999999999993,0.4479166666666667,0.03125,0.16666666666666666,possibly_significant
More than A Point: Capturing Uncertainty with Adaptive Affordance Heatmaps for Spatial Grounding in Robotic Tasks,60.5,56.2,0.04299999999999993,0.5625,0.03125,0.14583333333333334,possibly_significant
ORV: 4D Occupancy-centric Robot Video Generation,38.5,36.2,0.022999999999999965,0.3645833333333333,0.03125,0.16666666666666666,not_significant
PhysBrain: Human Egocentric Data as a Bridge from Vision Language Models to Physical Intelligence,67.4,67.6,-0.0019999999999998908,0.6770833333333334,0.03125,0.125,negative
$\pi_\texttt{RL}$: Online RL Fine-tuning for Flow-based Vision-Language-Action Models,86.7,67.2,0.19499999999999995,0.6770833333333334,0.03125,0.125,certainly_significant
PixelVLA: Advancing Pixel-level Understanding in Vision-Language-Action Model,33.8,34.4,-0.006000000000000005,0.34375,0.03125,0.15625,negative
QDepth-VLA: Quantized Depth Prediction as Auxiliary Supervision for Vision-Language-Action Models,68.5,60.0,0.08500000000000008,0.6041666666666666,0.03125,0.14583333333333334,possibly_significant
ReBot: Scaling Robot Learning with Real-to-Sim-to-Real Robotic Video Synthesis,23.2,16.0,0.07199999999999998,0.15625,0.03125,0.11458333333333333,possibly_significant
Reinforcing Action Policies by Prophesying,51.0,42.7,0.08299999999999996,0.4270833333333333,0.03125,0.17708333333333334,possibly_significant
RoboMonkey: Scaling Test-Time Sampling and Verification for Vision-Language-Action Models,47.5,38.5,0.08999999999999997,0.3854166666666667,0.03125,0.16666666666666666,possibly_significant
SITCOM: Scaling Inference-Time COMpute for VLAs,72.0,48.0,0.24,0.4791666666666667,0.03125,0.16666666666666666,certainly_significant
SoFar: Language-Grounded Orientation Bridges Spatial Reasoning and Object Manipulation,58.3,42.7,0.15599999999999992,0.4270833333333333,0.03125,0.17708333333333334,possibly_significant
SP-VLA: A Joint Model Scheduling and Token Pruning Approach for VLA Model Acceleration,57.29,51.3,0.05989999999999995,0.5104166666666666,0.03125,0.15625,possibly_significant
Spatial Traces: Enhancing VLA Models with Spatial-Temporal Understanding,38.1,34.1,0.03999999999999998,0.34375,0.03125,0.15625,possibly_significant
SpatialVLA: Exploring Spatial Representations for Visual-Language-Action Model,42.7,31.3,0.11400000000000005,0.3125,0.03125,0.15625,possibly_significant
SPEAR-1: Scaling Beyond Robot Demonstrations via 3D Understanding,57.3,42.7,0.1459999999999999,0.4270833333333333,0.03125,0.17708333333333334,possibly_significant
STARE-VLA: Progressive Stage-Aware Reinforcement for Fine-Tuning Vision-Language-Action Models,98.0,92.5,0.05499999999999994,0.9270833333333334,0.03125,0.052083333333333336,certainly_significant
STORM: Search-Guided Generative World Models for Robotic Manipulation,51.0,47.9,0.031000000000000028,0.4791666666666667,0.03125,0.16666666666666666,not_significant
ThinkAct: Vision-Language-Action Reasoning via Reinforced Visual Latent Planning,43.8,35.4,0.08399999999999996,0.3541666666666667,0.03125,0.16666666666666666,possibly_significant
Unified Diffusion VLA: Vision-Language-Action Model via Joint Discrete Denoising Diffusion Process,62.5,59.4,0.031000000000000028,0.59375,0.03125,0.14583333333333334,not_significant
Unified Vision-Language-Action Model,69.8,42.7,0.2709999999999999,0.4270833333333333,0.03125,0.17708333333333334,certainly_significant
Unifying Perception and Action: A Hybrid-Modality Pipeline with Implicit Visual Chain-of-Thought for Robotic Action Generation,71.5,69.8,0.017000000000000015,0.6979166666666666,0.03125,0.125,not_significant
UniVLA: Learning to Act Anywhere with Task-centric Latent Actions,47.9,31.3,0.16599999999999998,0.3125,0.03125,0.15625,certainly_significant
Verifier-free Test-Time Sampling for Vision Language Action Models,50.3,46.9,0.03400000000000003,0.46875,0.03125,0.16666666666666666,possibly_significant
VideoVLA: Video Generators Can Be Generalizable Robot Manipulators,53.1,53.1,0.0,0.53125,0.03125,0.15625,not_significant
villa-X: Enhancing Latent Action Modeling in Vision-Language-Action Models,62.5,62.0,0.0050000000000000044,0.625,0.03125,0.13541666666666666,not_significant
ViPRA: Video Prediction for Robot Actions,62.5,42.7,0.19799999999999995,0.4270833333333333,0.03125,0.17708333333333334,certainly_significant
VLA-Reasoner: Empowering Vision-Language-Action Models with Reasoning via Online Monte Carlo Tree Search,41.8,34.0,0.07799999999999996,0.34375,0.03125,0.15625,possibly_significant
Vlaser: Vision-Language-Action Model with Synergistic Embodied Reasoning,65.1,54.9,0.10199999999999998,0.5520833333333334,0.03125,0.15625,possibly_significant
VOTE: Vision-Language-Action Optimization with Trajectory Ensemble Voting,58.3,51.3,0.06999999999999995,0.5104166666666666,0.03125,0.15625,possibly_significant
X-VLA: Soft-Prompted Transformer as Scalable Cross-Embodiment Vision-Language-Action Model,95.8,71.9,0.23899999999999988,0.71875,0.03125,0.11458333333333333,certainly_significant
CogACT: A Foundational Vision-Language-Action Model for Synergizing Cognition and Action in Robotic Manipulation,51.3,26.7,0.246,0.2708333333333333,0.03125,0.14583333333333334,certainly_significant
Latent Action Pretraining from Videos,57.3,51.0,0.06299999999999994,0.5104166666666666,0.03125,0.15625,possibly_significant
PIVOT-R: Primitive-Driven Waypoint-Aware World Model for Robotic Manipulation,39.3,29.5,0.09799999999999998,0.2916666666666667,0.03125,0.14583333333333334,possibly_significant
Scaling Robot Policy Learning via Zero-Shot Labeling with Foundation Models,2.8,4.2,-0.014000000000000005,0.041666666666666664,0.03125,0.07291666666666667,negative
What matters in building vision–language–action models for generalist robots,50.0,29.5,0.20500000000000002,0.2916666666666667,0.03125,0.14583333333333334,certainly_significant
OA-WAM: Object-Addressable World Action Model for Robust Robot Manipulation,79.3,76.0,0.03299999999999992,0.7604166666666666,0.03125,0.10416666666666667,possibly_significant
OFlow: Injecting Object-Aware Temporal Flow Matching for Robust Robotic Manipulation,67.1,59.8,0.07299999999999995,0.59375,0.03125,0.14583333333333334,possibly_significant
PRTS: A Primitive Reasoning and Tasking System via Contrastive Representations,77.1,61.9,0.1519999999999999,0.6145833333333334,0.03125,0.13541666666666666,certainly_significant
ReFineVLA: Multimodal Reasoning-Aware Generalist Robotic Policies via Teacher-Guided Fine-Tuning,47.7,42.7,0.04999999999999999,0.4270833333333333,0.03125,0.17708333333333334,possibly_significant
RLDX-1 Technical Report,71.9,62.0,0.09900000000000009,0.625,0.03125,0.13541666666666666,possibly_significant
ST4VLA: Spatially Guided Training for Vision-Language-Action Models,73.2,61.9,0.11299999999999999,0.6145833333333334,0.03125,0.13541666666666666,possibly_significant
InternVLA-M1: A Spatially Guided Vision-Language-Action Framework for Generalist Robot Policy,71.7,61.9,0.09800000000000009,0.6145833333333334,0.03125,0.13541666666666666,possibly_significant
Steering Vision-Language-Action Models as Anti-Exploration: A Test-Time Scaling Approach,55.5,48.0,0.07500000000000007,0.4791666666666667,0.03125,0.16666666666666666,possibly_significant
GRAPE: Generalizing Robot Policy via Preference Alignment,45.5,32.0,0.135,0.3229166666666667,0.03125,0.15625,possibly_significant
DA-PTQ: Drift-Aware Post-Training Quantization for Efficient Vision-Language-Action Models,48.9,51.3,-0.02400000000000002,0.5104166666666666,0.03125,0.15625,negative
Green-VLA: Staged Vision-Language-Action Model for Generalist Robots,80.5,73.2,0.07300000000000006,0.7291666666666666,0.03125,0.11458333333333333,possibly_significant
Split Decisions: VLM-Guided Action Sampling for Efficient RL Exploration,55.0,27.5,0.275,0.2708333333333333,0.03125,0.14583333333333334,certainly_significant
"OmniSAT: Compact Action Token, Faster Auto Regression",55.2,42.7,0.125,0.4270833333333333,0.03125,0.17708333333333334,possibly_significant
RoboInter: A Holistic Intermediate Representation Suite Towards Robotic Manipulation,50.0,55.2,-0.052000000000000046,0.5520833333333334,0.03125,0.15625,negative
